Mean Test Score,Standard Deviation,Parameters
-0.0342343617674825,0.0008836205890058,"{'batch_size': 64, 'learning_rate': 0.001, 'optimizer': 'Adam', 'units': [256, 128, 32]}"
-0.0379492205056077,0.0022272746354488,"{'batch_size': 64, 'learning_rate': 0.001, 'optimizer': 'RMSprop', 'units': [256, 128, 64]}"
-0.0385463208642709,0.0010523400203194,"{'batch_size': 64, 'learning_rate': 0.001, 'optimizer': 'RMSprop', 'units': [256, 128, 32]}"
-0.0386857563740107,0.0034578027780329,"{'batch_size': 64, 'learning_rate': 0.001, 'optimizer': 'Adam', 'units': [256, 128, 64]}"
-0.0411504368159584,0.0060697295886071,"{'batch_size': 64, 'learning_rate': 0.001, 'optimizer': 'RMSprop', 'units': [128, 64, 32]}"
-0.0424605386930882,0.000101182216062,"{'batch_size': 64, 'learning_rate': 0.001, 'optimizer': 'Nadam', 'units': [256, 128, 64]}"
-0.043541356554837,0.0029597314007408,"{'batch_size': 64, 'learning_rate': 0.001, 'optimizer': 'Nadam', 'units': [256, 128, 32]}"
-0.0445839236224938,0.0021478632265099,"{'batch_size': 64, 'learning_rate': 0.001, 'optimizer': 'Adam', 'units': [128, 64, 32]}"
-0.0458256462077998,0.0001867152512579,"{'batch_size': 64, 'learning_rate': 0.001, 'optimizer': 'Adam', 'units': [128, 64, 16]}"
-0.0459687598860215,0.0065129221535877,"{'batch_size': 64, 'learning_rate': 0.001, 'optimizer': 'Nadam', 'units': [128, 64, 32]}"
-0.0481999289791317,0.0084022770808366,"{'batch_size': 64, 'learning_rate': 0.001, 'optimizer': 'RMSprop', 'units': [128, 64, 16]}"
-0.0491295025632694,0.0036982741533888,"{'batch_size': 64, 'learning_rate': 0.001, 'optimizer': 'Adam', 'units': [64, 64, 32]}"
-0.053775048259048,0.0061146290527834,"{'batch_size': 64, 'learning_rate': 0.001, 'optimizer': 'Nadam', 'units': [128, 64, 16]}"
-0.054225670931821,0.0041444372611955,"{'batch_size': 64, 'learning_rate': 0.01, 'optimizer': 'Nadam', 'units': [64, 64, 32]}"
-0.0547724582587588,0.0024124006689046,"{'batch_size': 64, 'learning_rate': 0.001, 'optimizer': 'RMSprop', 'units': [64, 64, 32]}"
-0.0565768787237008,0.0159541350891943,"{'batch_size': 64, 'learning_rate': 0.001, 'optimizer': 'Nadam', 'units': [64, 64, 32]}"
-0.0608121724709187,0.0113776708093903,"{'batch_size': 64, 'learning_rate': 0.001, 'optimizer': 'RMSprop', 'units': [64, 32, 16]}"
-0.0610406746483651,0.0047099377940445,"{'batch_size': 64, 'learning_rate': 0.01, 'optimizer': 'RMSprop', 'units': [64, 64, 32]}"
-0.061558938153851,0.0026555556307444,"{'batch_size': 128, 'learning_rate': 0.001, 'optimizer': 'Adam', 'units': [256, 128, 64]}"
-0.0617124675005409,0.0110883993748399,"{'batch_size': 128, 'learning_rate': 0.001, 'optimizer': 'Nadam', 'units': [256, 128, 64]}"
-0.0633389887622064,9.307608864754512e-05,"{'batch_size': 128, 'learning_rate': 0.001, 'optimizer': 'Adam', 'units': [128, 64, 32]}"
-0.0642022412909452,0.0043704008186855,"{'batch_size': 128, 'learning_rate': 0.001, 'optimizer': 'RMSprop', 'units': [256, 128, 64]}"
-0.0651791885611233,0.0079255373748878,"{'batch_size': 64, 'learning_rate': 0.001, 'optimizer': 'Adam', 'units': [64, 32, 16]}"
-0.0678965923613663,0.0060330350265225,"{'batch_size': 64, 'learning_rate': 0.001, 'optimizer': 'Nadam', 'units': [64, 32, 16]}"
-0.0692170306443413,0.0003223395233842,"{'batch_size': 128, 'learning_rate': 0.001, 'optimizer': 'RMSprop', 'units': [256, 128, 32]}"
-0.0711579908036739,0.0096242303412714,"{'batch_size': 64, 'learning_rate': 0.01, 'optimizer': 'Adam', 'units': [64, 64, 32]}"
-0.0717223477174294,0.0004216451230279,"{'batch_size': 128, 'learning_rate': 0.001, 'optimizer': 'RMSprop', 'units': [128, 64, 32]}"
-0.0717381530061204,0.0133482734935959,"{'batch_size': 128, 'learning_rate': 0.001, 'optimizer': 'RMSprop', 'units': [128, 64, 16]}"
-0.0755644669681624,0.0003465684718614,"{'batch_size': 128, 'learning_rate': 0.001, 'optimizer': 'Adam', 'units': [128, 64, 16]}"
-0.0768372600159035,0.0231520828425196,"{'batch_size': 128, 'learning_rate': 0.001, 'optimizer': 'RMSprop', 'units': [64, 64, 32]}"
-0.0787180952357548,0.0014733808818754,"{'batch_size': 128, 'learning_rate': 0.01, 'optimizer': 'Nadam', 'units': [64, 64, 32]}"
-0.0802950857240103,0.0028960424197389,"{'batch_size': 256, 'learning_rate': 0.001, 'optimizer': 'Adam', 'units': [256, 128, 64]}"
-0.0808611213598776,0.0122684069000382,"{'batch_size': 128, 'learning_rate': 0.001, 'optimizer': 'Adam', 'units': [256, 128, 32]}"
-0.0810136408158499,0.0060802746249898,"{'batch_size': 128, 'learning_rate': 0.001, 'optimizer': 'Nadam', 'units': [256, 128, 32]}"
-0.081034943467376,0.0089216411894262,"{'batch_size': 128, 'learning_rate': 0.001, 'optimizer': 'Adam', 'units': [64, 64, 32]}"
-0.0811026975604456,0.0041082596183618,"{'batch_size': 128, 'learning_rate': 0.001, 'optimizer': 'Nadam', 'units': [128, 64, 16]}"
-0.083684142473213,0.014261795856868,"{'batch_size': 64, 'learning_rate': 0.01, 'optimizer': 'Nadam', 'units': [64, 32, 16]}"
-0.0931650557366307,0.0127311096268303,"{'batch_size': 64, 'learning_rate': 0.01, 'optimizer': 'Nadam', 'units': [128, 64, 16]}"
-0.0938429692296091,0.0211968333850244,"{'batch_size': 128, 'learning_rate': 0.001, 'optimizer': 'Nadam', 'units': [128, 64, 32]}"
-0.095355287029161,0.0026818187401025,"{'batch_size': 64, 'learning_rate': 0.01, 'optimizer': 'Adam', 'units': [128, 64, 32]}"
-0.0956485684144242,0.0389795633367823,"{'batch_size': 64, 'learning_rate': 0.01, 'optimizer': 'RMSprop', 'units': [64, 32, 16]}"
-0.0976224385419119,0.0179011592019945,"{'batch_size': 64, 'learning_rate': 0.01, 'optimizer': 'RMSprop', 'units': [256, 128, 64]}"
-0.0983991999150276,0.043460023638264,"{'batch_size': 64, 'learning_rate': 0.01, 'optimizer': 'Nadam', 'units': [128, 64, 32]}"
-0.1000739151277451,0.0336818051691221,"{'batch_size': 64, 'learning_rate': 0.01, 'optimizer': 'Adam', 'units': [64, 32, 16]}"
-0.1017378442140743,0.0105378445613296,"{'batch_size': 128, 'learning_rate': 0.01, 'optimizer': 'Adam', 'units': [64, 64, 32]}"
-0.1056429549991272,0.0049189214547637,"{'batch_size': 128, 'learning_rate': 0.01, 'optimizer': 'Nadam', 'units': [128, 64, 32]}"
-0.1063042524586053,8.673908209445162e-05,"{'batch_size': 256, 'learning_rate': 0.001, 'optimizer': 'Adam', 'units': [128, 64, 16]}"
-0.1066623561835845,0.0041556324661726,"{'batch_size': 128, 'learning_rate': 0.001, 'optimizer': 'Nadam', 'units': [64, 64, 32]}"
-0.110710141228723,0.0081178736600894,"{'batch_size': 64, 'learning_rate': 0.01, 'optimizer': 'RMSprop', 'units': [128, 64, 32]}"
-0.1136597192925936,0.0142905148284608,"{'batch_size': 256, 'learning_rate': 0.001, 'optimizer': 'Nadam', 'units': [128, 64, 32]}"
-0.1158034162452003,0.0050297473578482,"{'batch_size': 256, 'learning_rate': 0.001, 'optimizer': 'Nadam', 'units': [256, 128, 64]}"
-0.1171596518713443,0.0154404912605857,"{'batch_size': 128, 'learning_rate': 0.001, 'optimizer': 'Adam', 'units': [64, 32, 16]}"
-0.1175981599783747,0.0383716080389652,"{'batch_size': 128, 'learning_rate': 0.001, 'optimizer': 'Nadam', 'units': [64, 32, 16]}"
-0.1246531160529786,0.0386307079927973,"{'batch_size': 256, 'learning_rate': 0.01, 'optimizer': 'Adam', 'units': [64, 64, 32]}"
-0.1257481644192283,0.0043377320610011,"{'batch_size': 128, 'learning_rate': 0.001, 'optimizer': 'RMSprop', 'units': [64, 32, 16]}"
-0.1290172782060946,0.0365817954196478,"{'batch_size': 64, 'learning_rate': 0.01, 'optimizer': 'RMSprop', 'units': [128, 64, 16]}"
-0.1326192481409023,0.0111737174873738,"{'batch_size': 128, 'learning_rate': 0.01, 'optimizer': 'Nadam', 'units': [64, 32, 16]}"
-0.1329529365620776,0.0040937872436596,"{'batch_size': 256, 'learning_rate': 0.001, 'optimizer': 'RMSprop', 'units': [256, 128, 64]}"
-0.1392185058911647,0.0361056447211623,"{'batch_size': 128, 'learning_rate': 0.01, 'optimizer': 'RMSprop', 'units': [64, 64, 32]}"
-0.1430345744485893,0.0059399148624166,"{'batch_size': 256, 'learning_rate': 0.001, 'optimizer': 'Adam', 'units': [128, 64, 32]}"
-0.1450626380549582,0.0350366689837928,"{'batch_size': 256, 'learning_rate': 0.001, 'optimizer': 'RMSprop', 'units': [128, 64, 16]}"
-0.1490671358432798,0.0356177289551625,"{'batch_size': 256, 'learning_rate': 0.001, 'optimizer': 'Adam', 'units': [64, 64, 32]}"
-0.1507430052321005,0.0114470228018114,"{'batch_size': 256, 'learning_rate': 0.001, 'optimizer': 'RMSprop', 'units': [64, 64, 32]}"
-0.1583374946447369,0.0489196947690464,"{'batch_size': 128, 'learning_rate': 0.01, 'optimizer': 'RMSprop', 'units': [64, 32, 16]}"
-0.1630305069846082,0.014203295319584,"{'batch_size': 128, 'learning_rate': 0.01, 'optimizer': 'Adam', 'units': [64, 32, 16]}"
-0.1643873472372579,0.0520054554484196,"{'batch_size': 256, 'learning_rate': 0.001, 'optimizer': 'RMSprop', 'units': [128, 64, 32]}"
-0.1652818036353983,0.0292166614493104,"{'batch_size': 256, 'learning_rate': 0.001, 'optimizer': 'Nadam', 'units': [256, 128, 32]}"
-0.1658394196860697,0.0421649829498719,"{'batch_size': 64, 'learning_rate': 0.01, 'optimizer': 'Adam', 'units': [128, 64, 16]}"
-0.1680102185251215,0.0038124229201699,"{'batch_size': 256, 'learning_rate': 0.001, 'optimizer': 'RMSprop', 'units': [256, 128, 32]}"
-0.1758984754881536,0.0191374284730576,"{'batch_size': 256, 'learning_rate': 0.001, 'optimizer': 'Nadam', 'units': [128, 64, 16]}"
-0.1795174102894969,0.0056754838383005,"{'batch_size': 64, 'learning_rate': 0.01, 'optimizer': 'RMSprop', 'units': [256, 128, 32]}"
-0.1810726514300459,0.0475539834245095,"{'batch_size': 256, 'learning_rate': 0.001, 'optimizer': 'Nadam', 'units': [64, 64, 32]}"
-0.1849486369455985,0.0337194655644703,"{'batch_size': 64, 'learning_rate': 0.01, 'optimizer': 'Adam', 'units': [256, 128, 64]}"
-0.1972004877434157,0.0727416701185331,"{'batch_size': 64, 'learning_rate': 0.01, 'optimizer': 'Nadam', 'units': [256, 128, 64]}"
-0.2165473949966028,0.027614897260235,"{'batch_size': 256, 'learning_rate': 0.001, 'optimizer': 'Nadam', 'units': [64, 32, 16]}"
-0.223432649998892,0.0413817246533602,"{'batch_size': 256, 'learning_rate': 0.001, 'optimizer': 'Adam', 'units': [256, 128, 32]}"
-0.2251291201881468,0.0110089168555251,"{'batch_size': 128, 'learning_rate': 0.01, 'optimizer': 'Nadam', 'units': [256, 128, 64]}"
-0.226432388158497,0.0528992364136258,"{'batch_size': 128, 'learning_rate': 0.01, 'optimizer': 'RMSprop', 'units': [256, 128, 64]}"
-0.2512162096866684,0.0950611726321992,"{'batch_size': 256, 'learning_rate': 0.001, 'optimizer': 'RMSprop', 'units': [64, 32, 16]}"
-0.2568004278184748,0.0918571818459958,"{'batch_size': 256, 'learning_rate': 0.01, 'optimizer': 'Nadam', 'units': [64, 64, 32]}"
-0.2599512429031401,0.0222819012076203,"{'batch_size': 256, 'learning_rate': 0.001, 'optimizer': 'Adam', 'units': [64, 32, 16]}"
-0.3128096011069416,0.0832428618736063,"{'batch_size': 256, 'learning_rate': 0.01, 'optimizer': 'RMSprop', 'units': [256, 128, 64]}"
-0.3683883457813134,0.014567324264502,"{'batch_size': 256, 'learning_rate': 0.01, 'optimizer': 'RMSprop', 'units': [64, 64, 32]}"
-0.3847099101003094,0.2775284473809031,"{'batch_size': 128, 'learning_rate': 0.01, 'optimizer': 'RMSprop', 'units': [128, 64, 32]}"
-0.3866684051502407,0.1311364277305463,"{'batch_size': 128, 'learning_rate': 0.01, 'optimizer': 'Adam', 'units': [256, 128, 64]}"
-0.5126099525300575,0.376170973953147,"{'batch_size': 128, 'learning_rate': 0.01, 'optimizer': 'RMSprop', 'units': [128, 64, 16]}"
-0.5243047841690684,0.3648483723798387,"{'batch_size': 256, 'learning_rate': 0.01, 'optimizer': 'Adam', 'units': [128, 64, 32]}"
-0.54792955976979,0.4612375032594262,"{'batch_size': 128, 'learning_rate': 0.01, 'optimizer': 'Adam', 'units': [128, 64, 32]}"
-0.5636635008720208,0.454567599467878,"{'batch_size': 64, 'learning_rate': 0.01, 'optimizer': 'Adam', 'units': [256, 128, 32]}"
-0.5748237749899199,0.0354320056511133,"{'batch_size': 128, 'learning_rate': 0.01, 'optimizer': 'Nadam', 'units': [256, 128, 32]}"
-0.5891100628223427,0.3943181552951327,"{'batch_size': 128, 'learning_rate': 0.01, 'optimizer': 'Nadam', 'units': [128, 64, 16]}"
-0.6179600513121044,0.1777797934715338,"{'batch_size': 256, 'learning_rate': 0.01, 'optimizer': 'Nadam', 'units': [64, 32, 16]}"
-0.6405351374384013,0.4162279185955865,"{'batch_size': 128, 'learning_rate': 0.01, 'optimizer': 'Adam', 'units': [256, 128, 32]}"
-0.6974379968998656,0.4413105411317968,"{'batch_size': 256, 'learning_rate': 0.01, 'optimizer': 'RMSprop', 'units': [64, 32, 16]}"
-0.6978775171482501,0.2247149674661711,"{'batch_size': 256, 'learning_rate': 0.01, 'optimizer': 'RMSprop', 'units': [128, 64, 16]}"
-0.7185092333093234,0.019265794938942,"{'batch_size': 256, 'learning_rate': 0.1, 'optimizer': 'Adam', 'units': [64, 64, 32]}"
-0.72082339129134,0.1865642507121755,"{'batch_size': 128, 'learning_rate': 0.01, 'optimizer': 'Adam', 'units': [128, 64, 16]}"
-0.7406847538839206,0.2469628752316226,"{'batch_size': 64, 'learning_rate': 0.01, 'optimizer': 'Nadam', 'units': [256, 128, 32]}"
-0.7423358960994024,0.033009394328843,"{'batch_size': 128, 'learning_rate': 0.5, 'optimizer': 'Nadam', 'units': [64, 32, 16]}"
-0.7434036085918305,0.0228965908290119,"{'batch_size': 256, 'learning_rate': 0.1, 'optimizer': 'Adam', 'units': [128, 64, 16]}"
-0.7608827396376109,0.0052754002983038,"{'batch_size': 128, 'learning_rate': 0.5, 'optimizer': 'Adam', 'units': [128, 64, 32]}"
-0.8078023027157354,0.0555988509745348,"{'batch_size': 256, 'learning_rate': 0.1, 'optimizer': 'RMSprop', 'units': [128, 64, 32]}"
-0.8272493546908899,0.075084551352441,"{'batch_size': 128, 'learning_rate': 0.1, 'optimizer': 'RMSprop', 'units': [256, 128, 64]}"
-0.8521174919245588,0.2060699758295984,"{'batch_size': 128, 'learning_rate': 0.01, 'optimizer': 'RMSprop', 'units': [256, 128, 32]}"
-0.8533826905061676,0.0982975087818807,"{'batch_size': 256, 'learning_rate': 0.1, 'optimizer': 'Adam', 'units': [64, 32, 16]}"
-0.8655296289300642,0.0774031705730177,"{'batch_size': 256, 'learning_rate': 0.01, 'optimizer': 'Adam', 'units': [128, 64, 16]}"
-0.8854251918977991,0.1049571246001481,"{'batch_size': 256, 'learning_rate': 0.1, 'optimizer': 'Nadam', 'units': [128, 64, 32]}"
-0.895865857418905,0.0349473028384842,"{'batch_size': 128, 'learning_rate': 0.1, 'optimizer': 'Adam', 'units': [256, 128, 64]}"
-0.9212946785233966,0.0362612371273363,"{'batch_size': 256, 'learning_rate': 0.01, 'optimizer': 'Adam', 'units': [256, 128, 64]}"
-0.9239286836370032,0.1908602106783966,"{'batch_size': 256, 'learning_rate': 0.01, 'optimizer': 'Adam', 'units': [64, 32, 16]}"
-0.9316994569796128,0.0555835200175416,"{'batch_size': 256, 'learning_rate': 0.01, 'optimizer': 'Nadam', 'units': [256, 128, 64]}"
-0.9336528442312916,0.1609964146738187,"{'batch_size': 256, 'learning_rate': 0.01, 'optimizer': 'RMSprop', 'units': [256, 128, 32]}"
-0.9379046922777088,0.0821251420967421,"{'batch_size': 64, 'learning_rate': 0.5, 'optimizer': 'Adam', 'units': [128, 64, 32]}"
-0.9444080369044434,0.1169700906851967,"{'batch_size': 64, 'learning_rate': 0.5, 'optimizer': 'Nadam', 'units': [256, 128, 32]}"
-0.9482551573288164,0.0369499935322728,"{'batch_size': 128, 'learning_rate': 0.1, 'optimizer': 'Nadam', 'units': [128, 64, 16]}"
-0.9500827005078892,0.1192885130507953,"{'batch_size': 256, 'learning_rate': 0.1, 'optimizer': 'RMSprop', 'units': [64, 32, 16]}"
-0.9596540636010032,0.0239851996628974,"{'batch_size': 128, 'learning_rate': 0.1, 'optimizer': 'Nadam', 'units': [64, 32, 16]}"
-0.960578140485011,0.0068172871933227,"{'batch_size': 256, 'learning_rate': 0.01, 'optimizer': 'Nadam', 'units': [128, 64, 16]}"
-0.9648452095688732,0.0315337035861818,"{'batch_size': 64, 'learning_rate': 0.1, 'optimizer': 'Adam', 'units': [64, 64, 32]}"
-0.9693185477965642,0.0508377148700114,"{'batch_size': 128, 'learning_rate': 0.1, 'optimizer': 'RMSprop', 'units': [64, 32, 16]}"
-0.970014652031294,0.0955157373894706,"{'batch_size': 128, 'learning_rate': 0.1, 'optimizer': 'Nadam', 'units': [64, 64, 32]}"
-0.971962263663846,0.0376983041330052,"{'batch_size': 64, 'learning_rate': 0.5, 'optimizer': 'RMSprop', 'units': [128, 64, 32]}"
-0.9724545652653664,0.1225816686796031,"{'batch_size': 64, 'learning_rate': 0.5, 'optimizer': 'RMSprop', 'units': [256, 128, 64]}"
-0.9785669953401064,0.1044674748110851,"{'batch_size': 64, 'learning_rate': 0.5, 'optimizer': 'Adam', 'units': [128, 64, 16]}"
-0.9789400491750616,0.0011800709357581,"{'batch_size': 128, 'learning_rate': 0.1, 'optimizer': 'Nadam', 'units': [256, 128, 32]}"
-0.9830202940609992,0.000285683898395,"{'batch_size': 256, 'learning_rate': 0.01, 'optimizer': 'Adam', 'units': [256, 128, 32]}"
-0.983042052473505,0.0358086067150339,"{'batch_size': 64, 'learning_rate': 0.1, 'optimizer': 'Nadam', 'units': [128, 64, 16]}"
-0.9837248050231306,0.0116241567609448,"{'batch_size': 64, 'learning_rate': 0.1, 'optimizer': 'RMSprop', 'units': [128, 64, 32]}"
-0.9867162412058073,0.0164599244362745,"{'batch_size': 64, 'learning_rate': 0.1, 'optimizer': 'Adam', 'units': [256, 128, 64]}"
-0.9875489977341436,0.080776117064224,"{'batch_size': 64, 'learning_rate': 0.1, 'optimizer': 'Adam', 'units': [256, 128, 32]}"
-0.9890349591109991,0.0164403393985726,"{'batch_size': 64, 'learning_rate': 0.5, 'optimizer': 'RMSprop', 'units': [128, 64, 16]}"
-0.9909496364280894,0.0239686728439096,"{'batch_size': 128, 'learning_rate': 0.1, 'optimizer': 'Adam', 'units': [64, 32, 16]}"
-0.9916475405108232,0.155174509821824,"{'batch_size': 256, 'learning_rate': 0.1, 'optimizer': 'Nadam', 'units': [64, 32, 16]}"
-0.9954852431740172,0.0527760160219495,"{'batch_size': 256, 'learning_rate': 0.01, 'optimizer': 'RMSprop', 'units': [128, 64, 32]}"
-0.9959326902300848,0.0954828222191002,"{'batch_size': 128, 'learning_rate': 0.1, 'optimizer': 'Adam', 'units': [64, 64, 32]}"
-0.997476535579155,0.0344815058670213,"{'batch_size': 64, 'learning_rate': 0.1, 'optimizer': 'Nadam', 'units': [128, 64, 32]}"
-0.9987038345299974,0.0587898231970528,"{'batch_size': 64, 'learning_rate': 0.5, 'optimizer': 'Adam', 'units': [256, 128, 32]}"
-1.0031483752426174,0.0759808682280031,"{'batch_size': 64, 'learning_rate': 0.1, 'optimizer': 'RMSprop', 'units': [256, 128, 64]}"
-1.010139970438369,0.0539955428483922,"{'batch_size': 64, 'learning_rate': 0.5, 'optimizer': 'Adam', 'units': [64, 32, 16]}"
-1.013663121703026,0.0198078775390152,"{'batch_size': 256, 'learning_rate': 0.01, 'optimizer': 'Nadam', 'units': [256, 128, 32]}"
-1.0140819254904323,0.0241389674442017,"{'batch_size': 64, 'learning_rate': 0.1, 'optimizer': 'RMSprop', 'units': [64, 64, 32]}"
-1.014987315486423,0.0225879111105786,"{'batch_size': 64, 'learning_rate': 0.5, 'optimizer': 'Adam', 'units': [64, 64, 32]}"
-1.0174191760656917,0.0943109737955743,"{'batch_size': 256, 'learning_rate': 0.01, 'optimizer': 'Nadam', 'units': [128, 64, 32]}"
-1.019601396583811,0.0170512893920241,"{'batch_size': 64, 'learning_rate': 0.1, 'optimizer': 'Adam', 'units': [64, 32, 16]}"
-1.022737349475492,0.0116970962421827,"{'batch_size': 64, 'learning_rate': 0.1, 'optimizer': 'RMSprop', 'units': [128, 64, 16]}"
-1.0233962304727036,0.0058102344972487,"{'batch_size': 64, 'learning_rate': 0.1, 'optimizer': 'Nadam', 'units': [256, 128, 64]}"
-1.0251997759980158,0.0005633594501582,"{'batch_size': 64, 'learning_rate': 0.1, 'optimizer': 'Adam', 'units': [128, 64, 16]}"
-1.029007271348735,0.0270455205717352,"{'batch_size': 64, 'learning_rate': 0.5, 'optimizer': 'RMSprop', 'units': [64, 32, 16]}"
-1.0301082155838244,0.01992347591312,"{'batch_size': 64, 'learning_rate': 0.1, 'optimizer': 'RMSprop', 'units': [256, 128, 32]}"
-1.034686096847086,0.0329835024165307,"{'batch_size': 64, 'learning_rate': 0.1, 'optimizer': 'Nadam', 'units': [256, 128, 32]}"
-1.0349962222026354,0.0231926128501614,"{'batch_size': 64, 'learning_rate': 0.1, 'optimizer': 'Nadam', 'units': [64, 32, 16]}"
-1.0405905985236537,0.0414372214195777,"{'batch_size': 64, 'learning_rate': 0.1, 'optimizer': 'Nadam', 'units': [64, 64, 32]}"
-1.040947696082783,0.0518014779081349,"{'batch_size': 64, 'learning_rate': 0.1, 'optimizer': 'Adam', 'units': [128, 64, 32]}"
-1.0421999506718618,0.0289962799617041,"{'batch_size': 128, 'learning_rate': 0.1, 'optimizer': 'Adam', 'units': [128, 64, 32]}"
-1.0440336574828597,0.0759959063615602,"{'batch_size': 64, 'learning_rate': 0.1, 'optimizer': 'RMSprop', 'units': [64, 32, 16]}"
-1.0470571655356962,0.1226890098710973,"{'batch_size': 64, 'learning_rate': 0.5, 'optimizer': 'Nadam', 'units': [128, 64, 16]}"
-1.0472960803730749,0.0034526997896844,"{'batch_size': 64, 'learning_rate': 0.5, 'optimizer': 'RMSprop', 'units': [64, 64, 32]}"
-1.048124822751601,0.0976125888543279,"{'batch_size': 64, 'learning_rate': 0.5, 'optimizer': 'Adam', 'units': [256, 128, 64]}"
-1.0702358863125272,0.0612967516131955,"{'batch_size': 64, 'learning_rate': 0.5, 'optimizer': 'Nadam', 'units': [128, 64, 32]}"
-1.0730278202516883,0.0695667057908721,"{'batch_size': 128, 'learning_rate': 0.1, 'optimizer': 'Adam', 'units': [128, 64, 16]}"
-1.0926560525919382,0.1169721551771442,"{'batch_size': 128, 'learning_rate': 0.1, 'optimizer': 'Adam', 'units': [256, 128, 32]}"
-1.09905085594481,0.222900113176664,"{'batch_size': 128, 'learning_rate': 0.1, 'optimizer': 'RMSprop', 'units': [128, 64, 32]}"
-1.1111638551593768,0.0910210383768814,"{'batch_size': 64, 'learning_rate': 0.5, 'optimizer': 'RMSprop', 'units': [256, 128, 32]}"
-1.119270559541886,0.1943313054371183,"{'batch_size': 256, 'learning_rate': 0.1, 'optimizer': 'Adam', 'units': [128, 64, 32]}"
-1.120599372957646,0.2250948621904288,"{'batch_size': 64, 'learning_rate': 0.5, 'optimizer': 'Nadam', 'units': [64, 32, 16]}"
-1.133312129778616,0.002376840539472,"{'batch_size': 128, 'learning_rate': 0.1, 'optimizer': 'Nadam', 'units': [128, 64, 32]}"
-1.136709132503021,0.0884779392908752,"{'batch_size': 128, 'learning_rate': 0.1, 'optimizer': 'RMSprop', 'units': [128, 64, 16]}"
-1.14122863204185,0.0464793630899992,"{'batch_size': 64, 'learning_rate': 0.5, 'optimizer': 'Nadam', 'units': [256, 128, 64]}"
-1.1572404401273204,0.0976758806627939,"{'batch_size': 64, 'learning_rate': 0.5, 'optimizer': 'Nadam', 'units': [64, 64, 32]}"
-1.1694635348148112,0.1734020288789753,"{'batch_size': 128, 'learning_rate': 0.1, 'optimizer': 'RMSprop', 'units': [64, 64, 32]}"
-1.181508957021778,0.062425401122244,"{'batch_size': 128, 'learning_rate': 0.1, 'optimizer': 'RMSprop', 'units': [256, 128, 32]}"
-1.1817264454001943,0.1372076243742689,"{'batch_size': 256, 'learning_rate': 0.1, 'optimizer': 'RMSprop', 'units': [128, 64, 16]}"
-1.2194892986459966,0.1868426563823445,"{'batch_size': 256, 'learning_rate': 0.1, 'optimizer': 'RMSprop', 'units': [256, 128, 32]}"
-1.2338880967836432,0.5322269227252152,"{'batch_size': 256, 'learning_rate': 0.1, 'optimizer': 'Adam', 'units': [256, 128, 64]}"
-1.258485448986832,0.4985867493441139,"{'batch_size': 256, 'learning_rate': 0.1, 'optimizer': 'Nadam', 'units': [256, 128, 32]}"
-1.2785253106226775,0.1055179339457634,"{'batch_size': 128, 'learning_rate': 0.5, 'optimizer': 'Adam', 'units': [64, 32, 16]}"
-1.3837419109604665,0.0075371098545774,"{'batch_size': 128, 'learning_rate': 0.1, 'optimizer': 'Nadam', 'units': [256, 128, 64]}"
-1.4288509820086983,0.4382395829153721,"{'batch_size': 128, 'learning_rate': 0.5, 'optimizer': 'RMSprop', 'units': [128, 64, 32]}"
-1.511320047810968,0.4336841131257086,"{'batch_size': 256, 'learning_rate': 0.5, 'optimizer': 'Adam', 'units': [128, 64, 16]}"
-1.545049558672556,0.5124572956911636,"{'batch_size': 256, 'learning_rate': 0.1, 'optimizer': 'Nadam', 'units': [128, 64, 16]}"
-1.5687689025809644,0.8415790010355344,"{'batch_size': 128, 'learning_rate': 0.5, 'optimizer': 'Nadam', 'units': [128, 64, 16]}"
-1.580357975265411,0.7853848931393611,"{'batch_size': 128, 'learning_rate': 0.5, 'optimizer': 'Adam', 'units': [64, 64, 32]}"
-1.5822411595823946,0.8151781354873721,"{'batch_size': 256, 'learning_rate': 0.1, 'optimizer': 'Adam', 'units': [256, 128, 32]}"
-1.598953037626793,0.8181901929288152,"{'batch_size': 128, 'learning_rate': 0.5, 'optimizer': 'RMSprop', 'units': [128, 64, 16]}"
-1.6339627178284175,0.105476373727526,"{'batch_size': 128, 'learning_rate': 0.5, 'optimizer': 'RMSprop', 'units': [256, 128, 32]}"
-1.7858560147310971,0.156342121727658,"{'batch_size': 256, 'learning_rate': 0.1, 'optimizer': 'RMSprop', 'units': [64, 64, 32]}"
-1.8366084518828272,0.389904853356812,"{'batch_size': 128, 'learning_rate': 0.5, 'optimizer': 'Nadam', 'units': [256, 128, 32]}"
-1.888674883923528,0.2168398977287795,"{'batch_size': 128, 'learning_rate': 0.5, 'optimizer': 'Adam', 'units': [128, 64, 16]}"
-1.9312872915070485,1.0108278623635605,"{'batch_size': 128, 'learning_rate': 0.5, 'optimizer': 'RMSprop', 'units': [64, 64, 32]}"
-2.028808729838329,1.2698086793368994,"{'batch_size': 128, 'learning_rate': 0.5, 'optimizer': 'RMSprop', 'units': [256, 128, 64]}"
-2.045680151084447,0.0387704497898291,"{'batch_size': 256, 'learning_rate': 0.1, 'optimizer': 'Nadam', 'units': [64, 64, 32]}"
-2.1207610379469517,0.8688811295143097,"{'batch_size': 128, 'learning_rate': 0.5, 'optimizer': 'RMSprop', 'units': [64, 32, 16]}"
-2.2668967730929994,0.0563008813171501,"{'batch_size': 256, 'learning_rate': 0.1, 'optimizer': 'Nadam', 'units': [256, 128, 64]}"
-2.2803383853325725,0.7188606490805783,"{'batch_size': 256, 'learning_rate': 0.5, 'optimizer': 'RMSprop', 'units': [256, 128, 32]}"
-2.3213666808083624,0.0127309347238933,"{'batch_size': 256, 'learning_rate': 0.1, 'optimizer': 'RMSprop', 'units': [256, 128, 64]}"
-2.4900886768633343,0.4426890018773546,"{'batch_size': 128, 'learning_rate': 0.5, 'optimizer': 'Nadam', 'units': [64, 64, 32]}"
-2.4941231499992,0.3617658513241331,"{'batch_size': 256, 'learning_rate': 0.5, 'optimizer': 'Adam', 'units': [64, 32, 16]}"
-2.5028600482627548,1.0258158958128598,"{'batch_size': 128, 'learning_rate': 0.5, 'optimizer': 'Adam', 'units': [256, 128, 32]}"
-2.817536879664052,1.5665097877510403,"{'batch_size': 128, 'learning_rate': 0.5, 'optimizer': 'Nadam', 'units': [256, 128, 64]}"
-3.156124195497161,0.6572555846277328,"{'batch_size': 256, 'learning_rate': 0.5, 'optimizer': 'Nadam', 'units': [64, 32, 16]}"
-3.432606081183409,1.078534440656593,"{'batch_size': 128, 'learning_rate': 0.5, 'optimizer': 'Nadam', 'units': [128, 64, 32]}"
-3.713537653452697,0.9384741082981972,"{'batch_size': 128, 'learning_rate': 0.5, 'optimizer': 'Adam', 'units': [256, 128, 64]}"
-3.799395939159041,1.4451158124909966,"{'batch_size': 256, 'learning_rate': 0.5, 'optimizer': 'RMSprop', 'units': [64, 32, 16]}"
-4.966221225922388,3.8319968362144654,"{'batch_size': 256, 'learning_rate': 0.5, 'optimizer': 'Nadam', 'units': [128, 64, 16]}"
-5.094913359461714,3.702239237420568,"{'batch_size': 256, 'learning_rate': 0.5, 'optimizer': 'Adam', 'units': [64, 64, 32]}"
-6.369926175582761,1.886178978721806,"{'batch_size': 256, 'learning_rate': 0.5, 'optimizer': 'RMSprop', 'units': [64, 64, 32]}"
-6.9102332626236365,3.870699304657333,"{'batch_size': 256, 'learning_rate': 0.5, 'optimizer': 'RMSprop', 'units': [128, 64, 16]}"
-7.015793015292194,2.206902170830051,"{'batch_size': 256, 'learning_rate': 0.5, 'optimizer': 'Adam', 'units': [256, 128, 64]}"
-7.647570912706881,0.3096576606649814,"{'batch_size': 256, 'learning_rate': 0.5, 'optimizer': 'RMSprop', 'units': [128, 64, 32]}"
-8.436172359019215,0.057515937897012,"{'batch_size': 256, 'learning_rate': 0.5, 'optimizer': 'Nadam', 'units': [256, 128, 32]}"
-8.989459918885563,2.600988481390756,"{'batch_size': 256, 'learning_rate': 0.5, 'optimizer': 'Nadam', 'units': [256, 128, 64]}"
-9.881686171872886,0.7434593352867589,"{'batch_size': 256, 'learning_rate': 0.5, 'optimizer': 'RMSprop', 'units': [256, 128, 64]}"
-11.002744513790535,0.1209048447214558,"{'batch_size': 256, 'learning_rate': 0.5, 'optimizer': 'Adam', 'units': [256, 128, 32]}"
-11.63281399154367,4.851303075091562,"{'batch_size': 256, 'learning_rate': 0.5, 'optimizer': 'Adam', 'units': [128, 64, 32]}"
-11.823228762333065,0.5425575470109338,"{'batch_size': 256, 'learning_rate': 0.5, 'optimizer': 'Nadam', 'units': [128, 64, 32]}"
-12.065847762548731,1.5774578422303307,"{'batch_size': 256, 'learning_rate': 0.5, 'optimizer': 'Nadam', 'units': [64, 64, 32]}"
