Mean Test Score,Standard Deviation,Parameters
-0.03868575637401072,0.003457802778032995,"{'batch_size': 64, 'learning_rate': 0.001, 'optimizer': 'Adam', 'units': [256, 128, 64]}"
-0.03423436176748254,0.000883620589005877,"{'batch_size': 64, 'learning_rate': 0.001, 'optimizer': 'Adam', 'units': [256, 128, 32]}"
-0.04458392362249388,0.002147863226509908,"{'batch_size': 64, 'learning_rate': 0.001, 'optimizer': 'Adam', 'units': [128, 64, 32]}"
-0.045825646207799844,0.00018671525125796631,"{'batch_size': 64, 'learning_rate': 0.001, 'optimizer': 'Adam', 'units': [128, 64, 16]}"
-0.04912950256326948,0.0036982741533888412,"{'batch_size': 64, 'learning_rate': 0.001, 'optimizer': 'Adam', 'units': [64, 64, 32]}"
-0.0651791885611233,0.007925537374887808,"{'batch_size': 64, 'learning_rate': 0.001, 'optimizer': 'Adam', 'units': [64, 32, 16]}"
-0.04246053869308823,0.00010118221606209704,"{'batch_size': 64, 'learning_rate': 0.001, 'optimizer': 'Nadam', 'units': [256, 128, 64]}"
-0.043541356554837096,0.0029597314007408747,"{'batch_size': 64, 'learning_rate': 0.001, 'optimizer': 'Nadam', 'units': [256, 128, 32]}"
-0.045968759886021525,0.0065129221535877024,"{'batch_size': 64, 'learning_rate': 0.001, 'optimizer': 'Nadam', 'units': [128, 64, 32]}"
-0.053775048259048,0.0061146290527834025,"{'batch_size': 64, 'learning_rate': 0.001, 'optimizer': 'Nadam', 'units': [128, 64, 16]}"
-0.05657687872370087,0.015954135089194306,"{'batch_size': 64, 'learning_rate': 0.001, 'optimizer': 'Nadam', 'units': [64, 64, 32]}"
-0.06789659236136637,0.006033035026522568,"{'batch_size': 64, 'learning_rate': 0.001, 'optimizer': 'Nadam', 'units': [64, 32, 16]}"
-0.0379492205056077,0.002227274635448886,"{'batch_size': 64, 'learning_rate': 0.001, 'optimizer': 'RMSprop', 'units': [256, 128, 64]}"
-0.038546320864270955,0.001052340020319481,"{'batch_size': 64, 'learning_rate': 0.001, 'optimizer': 'RMSprop', 'units': [256, 128, 32]}"
-0.041150436815958424,0.006069729588607194,"{'batch_size': 64, 'learning_rate': 0.001, 'optimizer': 'RMSprop', 'units': [128, 64, 32]}"
-0.04819992897913179,0.008402277080836691,"{'batch_size': 64, 'learning_rate': 0.001, 'optimizer': 'RMSprop', 'units': [128, 64, 16]}"
-0.05477245825875882,0.00241240066890467,"{'batch_size': 64, 'learning_rate': 0.001, 'optimizer': 'RMSprop', 'units': [64, 64, 32]}"
-0.06081217247091877,0.011377670809390304,"{'batch_size': 64, 'learning_rate': 0.001, 'optimizer': 'RMSprop', 'units': [64, 32, 16]}"
-0.18494863694559854,0.03371946556447032,"{'batch_size': 64, 'learning_rate': 0.01, 'optimizer': 'Adam', 'units': [256, 128, 64]}"
-0.5636635008720208,0.454567599467878,"{'batch_size': 64, 'learning_rate': 0.01, 'optimizer': 'Adam', 'units': [256, 128, 32]}"
-0.09535528702916107,0.002681818740102593,"{'batch_size': 64, 'learning_rate': 0.01, 'optimizer': 'Adam', 'units': [128, 64, 32]}"
-0.16583941968606974,0.042164982949871935,"{'batch_size': 64, 'learning_rate': 0.01, 'optimizer': 'Adam', 'units': [128, 64, 16]}"
-0.07115799080367391,0.00962423034127148,"{'batch_size': 64, 'learning_rate': 0.01, 'optimizer': 'Adam', 'units': [64, 64, 32]}"
-0.10007391512774513,0.033681805169122135,"{'batch_size': 64, 'learning_rate': 0.01, 'optimizer': 'Adam', 'units': [64, 32, 16]}"
-0.19720048774341573,0.07274167011853314,"{'batch_size': 64, 'learning_rate': 0.01, 'optimizer': 'Nadam', 'units': [256, 128, 64]}"
-0.7406847538839206,0.24696287523162264,"{'batch_size': 64, 'learning_rate': 0.01, 'optimizer': 'Nadam', 'units': [256, 128, 32]}"
-0.09839919991502766,0.043460023638264005,"{'batch_size': 64, 'learning_rate': 0.01, 'optimizer': 'Nadam', 'units': [128, 64, 32]}"
-0.0931650557366307,0.012731109626830314,"{'batch_size': 64, 'learning_rate': 0.01, 'optimizer': 'Nadam', 'units': [128, 64, 16]}"
-0.054225670931821096,0.0041444372611955695,"{'batch_size': 64, 'learning_rate': 0.01, 'optimizer': 'Nadam', 'units': [64, 64, 32]}"
-0.08368414247321307,0.014261795856868036,"{'batch_size': 64, 'learning_rate': 0.01, 'optimizer': 'Nadam', 'units': [64, 32, 16]}"
-0.09762243854191197,0.017901159201994525,"{'batch_size': 64, 'learning_rate': 0.01, 'optimizer': 'RMSprop', 'units': [256, 128, 64]}"
-0.17951741028949697,0.005675483838300577,"{'batch_size': 64, 'learning_rate': 0.01, 'optimizer': 'RMSprop', 'units': [256, 128, 32]}"
-0.11071014122872308,0.008117873660089474,"{'batch_size': 64, 'learning_rate': 0.01, 'optimizer': 'RMSprop', 'units': [128, 64, 32]}"
-0.12901727820609463,0.036581795419647845,"{'batch_size': 64, 'learning_rate': 0.01, 'optimizer': 'RMSprop', 'units': [128, 64, 16]}"
-0.061040674648365115,0.0047099377940445115,"{'batch_size': 64, 'learning_rate': 0.01, 'optimizer': 'RMSprop', 'units': [64, 64, 32]}"
-0.09564856841442423,0.038979563336782326,"{'batch_size': 64, 'learning_rate': 0.01, 'optimizer': 'RMSprop', 'units': [64, 32, 16]}"
-0.9867162412058071,0.01645992443627453,"{'batch_size': 64, 'learning_rate': 0.1, 'optimizer': 'Adam', 'units': [256, 128, 64]}"
-0.9875489977341436,0.08077611706422405,"{'batch_size': 64, 'learning_rate': 0.1, 'optimizer': 'Adam', 'units': [256, 128, 32]}"
-1.040947696082783,0.051801477908134934,"{'batch_size': 64, 'learning_rate': 0.1, 'optimizer': 'Adam', 'units': [128, 64, 32]}"
-1.0251997759980158,0.000563359450158285,"{'batch_size': 64, 'learning_rate': 0.1, 'optimizer': 'Adam', 'units': [128, 64, 16]}"
-0.9648452095688733,0.03153370358618185,"{'batch_size': 64, 'learning_rate': 0.1, 'optimizer': 'Adam', 'units': [64, 64, 32]}"
-1.0196013965838113,0.01705128939202416,"{'batch_size': 64, 'learning_rate': 0.1, 'optimizer': 'Adam', 'units': [64, 32, 16]}"
-1.0233962304727036,0.005810234497248712,"{'batch_size': 64, 'learning_rate': 0.1, 'optimizer': 'Nadam', 'units': [256, 128, 64]}"
-1.0346860968470861,0.0329835024165307,"{'batch_size': 64, 'learning_rate': 0.1, 'optimizer': 'Nadam', 'units': [256, 128, 32]}"
-0.997476535579155,0.03448150586702131,"{'batch_size': 64, 'learning_rate': 0.1, 'optimizer': 'Nadam', 'units': [128, 64, 32]}"
-0.983042052473505,0.03580860671503394,"{'batch_size': 64, 'learning_rate': 0.1, 'optimizer': 'Nadam', 'units': [128, 64, 16]}"
-1.0405905985236537,0.041437221419577785,"{'batch_size': 64, 'learning_rate': 0.1, 'optimizer': 'Nadam', 'units': [64, 64, 32]}"
-1.0349962222026354,0.023192612850161498,"{'batch_size': 64, 'learning_rate': 0.1, 'optimizer': 'Nadam', 'units': [64, 32, 16]}"
-1.0031483752426174,0.07598086822800315,"{'batch_size': 64, 'learning_rate': 0.1, 'optimizer': 'RMSprop', 'units': [256, 128, 64]}"
-1.0301082155838244,0.019923475913120048,"{'batch_size': 64, 'learning_rate': 0.1, 'optimizer': 'RMSprop', 'units': [256, 128, 32]}"
-0.9837248050231306,0.011624156760944804,"{'batch_size': 64, 'learning_rate': 0.1, 'optimizer': 'RMSprop', 'units': [128, 64, 32]}"
-1.0227373494754919,0.011697096242182736,"{'batch_size': 64, 'learning_rate': 0.1, 'optimizer': 'RMSprop', 'units': [128, 64, 16]}"
-1.0140819254904323,0.024138967444201742,"{'batch_size': 64, 'learning_rate': 0.1, 'optimizer': 'RMSprop', 'units': [64, 64, 32]}"
-1.0440336574828595,0.07599590636156028,"{'batch_size': 64, 'learning_rate': 0.1, 'optimizer': 'RMSprop', 'units': [64, 32, 16]}"
-1.0481248227516007,0.09761258885432794,"{'batch_size': 64, 'learning_rate': 0.5, 'optimizer': 'Adam', 'units': [256, 128, 64]}"
-0.9987038345299974,0.05878982319705289,"{'batch_size': 64, 'learning_rate': 0.5, 'optimizer': 'Adam', 'units': [256, 128, 32]}"
-0.9379046922777088,0.08212514209674215,"{'batch_size': 64, 'learning_rate': 0.5, 'optimizer': 'Adam', 'units': [128, 64, 32]}"
-0.9785669953401064,0.10446747481108515,"{'batch_size': 64, 'learning_rate': 0.5, 'optimizer': 'Adam', 'units': [128, 64, 16]}"
-1.014987315486423,0.022587911110578673,"{'batch_size': 64, 'learning_rate': 0.5, 'optimizer': 'Adam', 'units': [64, 64, 32]}"
-1.0101399704383687,0.0539955428483922,"{'batch_size': 64, 'learning_rate': 0.5, 'optimizer': 'Adam', 'units': [64, 32, 16]}"
-1.1412286320418499,0.046479363089999226,"{'batch_size': 64, 'learning_rate': 0.5, 'optimizer': 'Nadam', 'units': [256, 128, 64]}"
-0.9444080369044434,0.11697009068519676,"{'batch_size': 64, 'learning_rate': 0.5, 'optimizer': 'Nadam', 'units': [256, 128, 32]}"
-1.0702358863125272,0.06129675161319559,"{'batch_size': 64, 'learning_rate': 0.5, 'optimizer': 'Nadam', 'units': [128, 64, 32]}"
-1.0470571655356962,0.12268900987109732,"{'batch_size': 64, 'learning_rate': 0.5, 'optimizer': 'Nadam', 'units': [128, 64, 16]}"
-1.1572404401273204,0.09767588066279398,"{'batch_size': 64, 'learning_rate': 0.5, 'optimizer': 'Nadam', 'units': [64, 64, 32]}"
-1.120599372957646,0.2250948621904288,"{'batch_size': 64, 'learning_rate': 0.5, 'optimizer': 'Nadam', 'units': [64, 32, 16]}"
-0.9724545652653664,0.12258166867960313,"{'batch_size': 64, 'learning_rate': 0.5, 'optimizer': 'RMSprop', 'units': [256, 128, 64]}"
-1.1111638551593768,0.09102103837688147,"{'batch_size': 64, 'learning_rate': 0.5, 'optimizer': 'RMSprop', 'units': [256, 128, 32]}"
-0.9719622636638461,0.037698304133005234,"{'batch_size': 64, 'learning_rate': 0.5, 'optimizer': 'RMSprop', 'units': [128, 64, 32]}"
-0.9890349591109993,0.016440339398572645,"{'batch_size': 64, 'learning_rate': 0.5, 'optimizer': 'RMSprop', 'units': [128, 64, 16]}"
-1.0472960803730749,0.0034526997896844325,"{'batch_size': 64, 'learning_rate': 0.5, 'optimizer': 'RMSprop', 'units': [64, 64, 32]}"
-1.029007271348735,0.02704552057173526,"{'batch_size': 64, 'learning_rate': 0.5, 'optimizer': 'RMSprop', 'units': [64, 32, 16]}"
-0.061558938153851,0.0026555556307444814,"{'batch_size': 128, 'learning_rate': 0.001, 'optimizer': 'Adam', 'units': [256, 128, 64]}"
-0.08086112135987764,0.0122684069000382,"{'batch_size': 128, 'learning_rate': 0.001, 'optimizer': 'Adam', 'units': [256, 128, 32]}"
-0.06333898876220641,9.307608864754513e-05,"{'batch_size': 128, 'learning_rate': 0.001, 'optimizer': 'Adam', 'units': [128, 64, 32]}"
-0.07556446696816249,0.00034656847186147893,"{'batch_size': 128, 'learning_rate': 0.001, 'optimizer': 'Adam', 'units': [128, 64, 16]}"
-0.081034943467376,0.008921641189426281,"{'batch_size': 128, 'learning_rate': 0.001, 'optimizer': 'Adam', 'units': [64, 64, 32]}"
-0.1171596518713443,0.015440491260585748,"{'batch_size': 128, 'learning_rate': 0.001, 'optimizer': 'Adam', 'units': [64, 32, 16]}"
-0.06171246750054097,0.011088399374839998,"{'batch_size': 128, 'learning_rate': 0.001, 'optimizer': 'Nadam', 'units': [256, 128, 64]}"
-0.08101364081584991,0.0060802746249898,"{'batch_size': 128, 'learning_rate': 0.001, 'optimizer': 'Nadam', 'units': [256, 128, 32]}"
-0.09384296922960914,0.021196833385024434,"{'batch_size': 128, 'learning_rate': 0.001, 'optimizer': 'Nadam', 'units': [128, 64, 32]}"
-0.08110269756044566,0.004108259618361872,"{'batch_size': 128, 'learning_rate': 0.001, 'optimizer': 'Nadam', 'units': [128, 64, 16]}"
-0.10666235618358452,0.004155632466172697,"{'batch_size': 128, 'learning_rate': 0.001, 'optimizer': 'Nadam', 'units': [64, 64, 32]}"
-0.1175981599783747,0.03837160803896523,"{'batch_size': 128, 'learning_rate': 0.001, 'optimizer': 'Nadam', 'units': [64, 32, 16]}"
-0.06420224129094522,0.00437040081868555,"{'batch_size': 128, 'learning_rate': 0.001, 'optimizer': 'RMSprop', 'units': [256, 128, 64]}"
-0.06921703064434137,0.00032233952338427824,"{'batch_size': 128, 'learning_rate': 0.001, 'optimizer': 'RMSprop', 'units': [256, 128, 32]}"
-0.07172234771742948,0.00042164512302793333,"{'batch_size': 128, 'learning_rate': 0.001, 'optimizer': 'RMSprop', 'units': [128, 64, 32]}"
-0.07173815300612042,0.013348273493595953,"{'batch_size': 128, 'learning_rate': 0.001, 'optimizer': 'RMSprop', 'units': [128, 64, 16]}"
-0.07683726001590357,0.023152082842519628,"{'batch_size': 128, 'learning_rate': 0.001, 'optimizer': 'RMSprop', 'units': [64, 64, 32]}"
-0.1257481644192283,0.00433773206100118,"{'batch_size': 128, 'learning_rate': 0.001, 'optimizer': 'RMSprop', 'units': [64, 32, 16]}"
-0.3866684051502407,0.13113642773054635,"{'batch_size': 128, 'learning_rate': 0.01, 'optimizer': 'Adam', 'units': [256, 128, 64]}"
-0.6405351374384013,0.4162279185955865,"{'batch_size': 128, 'learning_rate': 0.01, 'optimizer': 'Adam', 'units': [256, 128, 32]}"
-0.54792955976979,0.4612375032594262,"{'batch_size': 128, 'learning_rate': 0.01, 'optimizer': 'Adam', 'units': [128, 64, 32]}"
-0.72082339129134,0.18656425071217558,"{'batch_size': 128, 'learning_rate': 0.01, 'optimizer': 'Adam', 'units': [128, 64, 16]}"
-0.10173784421407436,0.010537844561329689,"{'batch_size': 128, 'learning_rate': 0.01, 'optimizer': 'Adam', 'units': [64, 64, 32]}"
-0.16303050698460825,0.01420329531958403,"{'batch_size': 128, 'learning_rate': 0.01, 'optimizer': 'Adam', 'units': [64, 32, 16]}"
-0.2251291201881468,0.01100891685552513,"{'batch_size': 128, 'learning_rate': 0.01, 'optimizer': 'Nadam', 'units': [256, 128, 64]}"
-0.5748237749899199,0.03543200565111332,"{'batch_size': 128, 'learning_rate': 0.01, 'optimizer': 'Nadam', 'units': [256, 128, 32]}"
-0.10564295499912724,0.004918921454763726,"{'batch_size': 128, 'learning_rate': 0.01, 'optimizer': 'Nadam', 'units': [128, 64, 32]}"
-0.5891100628223427,0.3943181552951327,"{'batch_size': 128, 'learning_rate': 0.01, 'optimizer': 'Nadam', 'units': [128, 64, 16]}"
-0.0787180952357548,0.001473380881875444,"{'batch_size': 128, 'learning_rate': 0.01, 'optimizer': 'Nadam', 'units': [64, 64, 32]}"
-0.13261924814090237,0.011173717487373884,"{'batch_size': 128, 'learning_rate': 0.01, 'optimizer': 'Nadam', 'units': [64, 32, 16]}"
-0.22643238815849703,0.05289923641362586,"{'batch_size': 128, 'learning_rate': 0.01, 'optimizer': 'RMSprop', 'units': [256, 128, 64]}"
-0.8521174919245588,0.2060699758295984,"{'batch_size': 128, 'learning_rate': 0.01, 'optimizer': 'RMSprop', 'units': [256, 128, 32]}"
-0.3847099101003094,0.2775284473809031,"{'batch_size': 128, 'learning_rate': 0.01, 'optimizer': 'RMSprop', 'units': [128, 64, 32]}"
-0.5126099525300575,0.376170973953147,"{'batch_size': 128, 'learning_rate': 0.01, 'optimizer': 'RMSprop', 'units': [128, 64, 16]}"
-0.13921850589116475,0.0361056447211623,"{'batch_size': 128, 'learning_rate': 0.01, 'optimizer': 'RMSprop', 'units': [64, 64, 32]}"
-0.15833749464473695,0.04891969476904649,"{'batch_size': 128, 'learning_rate': 0.01, 'optimizer': 'RMSprop', 'units': [64, 32, 16]}"
-0.895865857418905,0.03494730283848424,"{'batch_size': 128, 'learning_rate': 0.1, 'optimizer': 'Adam', 'units': [256, 128, 64]}"
-1.0926560525919382,0.11697215517714421,"{'batch_size': 128, 'learning_rate': 0.1, 'optimizer': 'Adam', 'units': [256, 128, 32]}"
-1.0421999506718618,0.028996279961704174,"{'batch_size': 128, 'learning_rate': 0.1, 'optimizer': 'Adam', 'units': [128, 64, 32]}"
-1.0730278202516885,0.0695667057908721,"{'batch_size': 128, 'learning_rate': 0.1, 'optimizer': 'Adam', 'units': [128, 64, 16]}"
-0.9959326902300849,0.0954828222191002,"{'batch_size': 128, 'learning_rate': 0.1, 'optimizer': 'Adam', 'units': [64, 64, 32]}"
-0.9909496364280894,0.02396867284390969,"{'batch_size': 128, 'learning_rate': 0.1, 'optimizer': 'Adam', 'units': [64, 32, 16]}"
-1.3837419109604663,0.007537109854577451,"{'batch_size': 128, 'learning_rate': 0.1, 'optimizer': 'Nadam', 'units': [256, 128, 64]}"
-0.9789400491750617,0.0011800709357581707,"{'batch_size': 128, 'learning_rate': 0.1, 'optimizer': 'Nadam', 'units': [256, 128, 32]}"
-1.133312129778616,0.0023768405394720693,"{'batch_size': 128, 'learning_rate': 0.1, 'optimizer': 'Nadam', 'units': [128, 64, 32]}"
-0.9482551573288165,0.03694999353227285,"{'batch_size': 128, 'learning_rate': 0.1, 'optimizer': 'Nadam', 'units': [128, 64, 16]}"
-0.970014652031294,0.09551573738947061,"{'batch_size': 128, 'learning_rate': 0.1, 'optimizer': 'Nadam', 'units': [64, 64, 32]}"
-0.9596540636010031,0.023985199662897472,"{'batch_size': 128, 'learning_rate': 0.1, 'optimizer': 'Nadam', 'units': [64, 32, 16]}"
-0.8272493546908899,0.07508455135244108,"{'batch_size': 128, 'learning_rate': 0.1, 'optimizer': 'RMSprop', 'units': [256, 128, 64]}"
-1.181508957021778,0.06242540112224404,"{'batch_size': 128, 'learning_rate': 0.1, 'optimizer': 'RMSprop', 'units': [256, 128, 32]}"
-1.09905085594481,0.22290011317666408,"{'batch_size': 128, 'learning_rate': 0.1, 'optimizer': 'RMSprop', 'units': [128, 64, 32]}"
-1.136709132503021,0.08847793929087522,"{'batch_size': 128, 'learning_rate': 0.1, 'optimizer': 'RMSprop', 'units': [128, 64, 16]}"
-1.1694635348148112,0.17340202887897532,"{'batch_size': 128, 'learning_rate': 0.1, 'optimizer': 'RMSprop', 'units': [64, 64, 32]}"
-0.9693185477965642,0.05083771487001143,"{'batch_size': 128, 'learning_rate': 0.1, 'optimizer': 'RMSprop', 'units': [64, 32, 16]}"
-3.713537653452697,0.9384741082981971,"{'batch_size': 128, 'learning_rate': 0.5, 'optimizer': 'Adam', 'units': [256, 128, 64]}"
-2.5028600482627548,1.0258158958128598,"{'batch_size': 128, 'learning_rate': 0.5, 'optimizer': 'Adam', 'units': [256, 128, 32]}"
-0.7608827396376109,0.005275400298303867,"{'batch_size': 128, 'learning_rate': 0.5, 'optimizer': 'Adam', 'units': [128, 64, 32]}"
-1.8886748839235281,0.21683989772877954,"{'batch_size': 128, 'learning_rate': 0.5, 'optimizer': 'Adam', 'units': [128, 64, 16]}"
-1.5803579752654113,0.7853848931393611,"{'batch_size': 128, 'learning_rate': 0.5, 'optimizer': 'Adam', 'units': [64, 64, 32]}"
-1.2785253106226775,0.10551793394576348,"{'batch_size': 128, 'learning_rate': 0.5, 'optimizer': 'Adam', 'units': [64, 32, 16]}"
-2.817536879664052,1.5665097877510405,"{'batch_size': 128, 'learning_rate': 0.5, 'optimizer': 'Nadam', 'units': [256, 128, 64]}"
-1.8366084518828272,0.389904853356812,"{'batch_size': 128, 'learning_rate': 0.5, 'optimizer': 'Nadam', 'units': [256, 128, 32]}"
-3.432606081183409,1.078534440656593,"{'batch_size': 128, 'learning_rate': 0.5, 'optimizer': 'Nadam', 'units': [128, 64, 32]}"
-1.5687689025809644,0.8415790010355344,"{'batch_size': 128, 'learning_rate': 0.5, 'optimizer': 'Nadam', 'units': [128, 64, 16]}"
-2.4900886768633343,0.4426890018773546,"{'batch_size': 128, 'learning_rate': 0.5, 'optimizer': 'Nadam', 'units': [64, 64, 32]}"
-0.7423358960994024,0.033009394328843034,"{'batch_size': 128, 'learning_rate': 0.5, 'optimizer': 'Nadam', 'units': [64, 32, 16]}"
-2.028808729838329,1.2698086793368994,"{'batch_size': 128, 'learning_rate': 0.5, 'optimizer': 'RMSprop', 'units': [256, 128, 64]}"
-1.6339627178284175,0.10547637372752605,"{'batch_size': 128, 'learning_rate': 0.5, 'optimizer': 'RMSprop', 'units': [256, 128, 32]}"
-1.4288509820086985,0.4382395829153721,"{'batch_size': 128, 'learning_rate': 0.5, 'optimizer': 'RMSprop', 'units': [128, 64, 32]}"
-1.598953037626793,0.8181901929288152,"{'batch_size': 128, 'learning_rate': 0.5, 'optimizer': 'RMSprop', 'units': [128, 64, 16]}"
-1.9312872915070485,1.0108278623635605,"{'batch_size': 128, 'learning_rate': 0.5, 'optimizer': 'RMSprop', 'units': [64, 64, 32]}"
-2.1207610379469513,0.8688811295143097,"{'batch_size': 128, 'learning_rate': 0.5, 'optimizer': 'RMSprop', 'units': [64, 32, 16]}"
-0.0802950857240103,0.0028960424197389256,"{'batch_size': 256, 'learning_rate': 0.001, 'optimizer': 'Adam', 'units': [256, 128, 64]}"
-0.22343264999889204,0.041381724653360236,"{'batch_size': 256, 'learning_rate': 0.001, 'optimizer': 'Adam', 'units': [256, 128, 32]}"
-0.1430345744485893,0.00593991486241667,"{'batch_size': 256, 'learning_rate': 0.001, 'optimizer': 'Adam', 'units': [128, 64, 32]}"
-0.10630425245860534,8.673908209445162e-05,"{'batch_size': 256, 'learning_rate': 0.001, 'optimizer': 'Adam', 'units': [128, 64, 16]}"
-0.1490671358432798,0.035617728955162534,"{'batch_size': 256, 'learning_rate': 0.001, 'optimizer': 'Adam', 'units': [64, 64, 32]}"
-0.25995124290314015,0.022281901207620344,"{'batch_size': 256, 'learning_rate': 0.001, 'optimizer': 'Adam', 'units': [64, 32, 16]}"
-0.11580341624520035,0.005029747357848259,"{'batch_size': 256, 'learning_rate': 0.001, 'optimizer': 'Nadam', 'units': [256, 128, 64]}"
-0.1652818036353983,0.02921666144931047,"{'batch_size': 256, 'learning_rate': 0.001, 'optimizer': 'Nadam', 'units': [256, 128, 32]}"
-0.11365971929259364,0.014290514828460894,"{'batch_size': 256, 'learning_rate': 0.001, 'optimizer': 'Nadam', 'units': [128, 64, 32]}"
-0.17589847548815363,0.019137428473057605,"{'batch_size': 256, 'learning_rate': 0.001, 'optimizer': 'Nadam', 'units': [128, 64, 16]}"
-0.18107265143004592,0.04755398342450953,"{'batch_size': 256, 'learning_rate': 0.001, 'optimizer': 'Nadam', 'units': [64, 64, 32]}"
-0.21654739499660286,0.02761489726023504,"{'batch_size': 256, 'learning_rate': 0.001, 'optimizer': 'Nadam', 'units': [64, 32, 16]}"
-0.13295293656207763,0.0040937872436596495,"{'batch_size': 256, 'learning_rate': 0.001, 'optimizer': 'RMSprop', 'units': [256, 128, 64]}"
-0.16801021852512155,0.003812422920169936,"{'batch_size': 256, 'learning_rate': 0.001, 'optimizer': 'RMSprop', 'units': [256, 128, 32]}"
-0.16438734723725795,0.05200545544841968,"{'batch_size': 256, 'learning_rate': 0.001, 'optimizer': 'RMSprop', 'units': [128, 64, 32]}"
-0.1450626380549582,0.035036668983792894,"{'batch_size': 256, 'learning_rate': 0.001, 'optimizer': 'RMSprop', 'units': [128, 64, 16]}"
-0.1507430052321005,0.011447022801811466,"{'batch_size': 256, 'learning_rate': 0.001, 'optimizer': 'RMSprop', 'units': [64, 64, 32]}"
-0.25121620968666847,0.0950611726321992,"{'batch_size': 256, 'learning_rate': 0.001, 'optimizer': 'RMSprop', 'units': [64, 32, 16]}"
-0.9212946785233966,0.036261237127336365,"{'batch_size': 256, 'learning_rate': 0.01, 'optimizer': 'Adam', 'units': [256, 128, 64]}"
-0.9830202940609993,0.0002856838983950616,"{'batch_size': 256, 'learning_rate': 0.01, 'optimizer': 'Adam', 'units': [256, 128, 32]}"
-0.5243047841690684,0.3648483723798387,"{'batch_size': 256, 'learning_rate': 0.01, 'optimizer': 'Adam', 'units': [128, 64, 32]}"
-0.8655296289300642,0.07740317057301777,"{'batch_size': 256, 'learning_rate': 0.01, 'optimizer': 'Adam', 'units': [128, 64, 16]}"
-0.1246531160529786,0.0386307079927973,"{'batch_size': 256, 'learning_rate': 0.01, 'optimizer': 'Adam', 'units': [64, 64, 32]}"
-0.9239286836370032,0.19086021067839665,"{'batch_size': 256, 'learning_rate': 0.01, 'optimizer': 'Adam', 'units': [64, 32, 16]}"
-0.9316994569796129,0.05558352001754169,"{'batch_size': 256, 'learning_rate': 0.01, 'optimizer': 'Nadam', 'units': [256, 128, 64]}"
-1.013663121703026,0.01980787753901525,"{'batch_size': 256, 'learning_rate': 0.01, 'optimizer': 'Nadam', 'units': [256, 128, 32]}"
-1.0174191760656917,0.09431097379557435,"{'batch_size': 256, 'learning_rate': 0.01, 'optimizer': 'Nadam', 'units': [128, 64, 32]}"
-0.960578140485011,0.006817287193322752,"{'batch_size': 256, 'learning_rate': 0.01, 'optimizer': 'Nadam', 'units': [128, 64, 16]}"
-0.2568004278184748,0.09185718184599583,"{'batch_size': 256, 'learning_rate': 0.01, 'optimizer': 'Nadam', 'units': [64, 64, 32]}"
-0.6179600513121044,0.17777979347153386,"{'batch_size': 256, 'learning_rate': 0.01, 'optimizer': 'Nadam', 'units': [64, 32, 16]}"
-0.31280960110694167,0.08324286187360633,"{'batch_size': 256, 'learning_rate': 0.01, 'optimizer': 'RMSprop', 'units': [256, 128, 64]}"
-0.9336528442312917,0.16099641467381876,"{'batch_size': 256, 'learning_rate': 0.01, 'optimizer': 'RMSprop', 'units': [256, 128, 32]}"
-0.9954852431740171,0.052776016021949534,"{'batch_size': 256, 'learning_rate': 0.01, 'optimizer': 'RMSprop', 'units': [128, 64, 32]}"
-0.6978775171482501,0.22471496746617117,"{'batch_size': 256, 'learning_rate': 0.01, 'optimizer': 'RMSprop', 'units': [128, 64, 16]}"
-0.36838834578131346,0.014567324264502024,"{'batch_size': 256, 'learning_rate': 0.01, 'optimizer': 'RMSprop', 'units': [64, 64, 32]}"
-0.6974379968998656,0.44131054113179685,"{'batch_size': 256, 'learning_rate': 0.01, 'optimizer': 'RMSprop', 'units': [64, 32, 16]}"
-1.2338880967836432,0.5322269227252152,"{'batch_size': 256, 'learning_rate': 0.1, 'optimizer': 'Adam', 'units': [256, 128, 64]}"
-1.5822411595823946,0.8151781354873721,"{'batch_size': 256, 'learning_rate': 0.1, 'optimizer': 'Adam', 'units': [256, 128, 32]}"
-1.119270559541886,0.19433130543711835,"{'batch_size': 256, 'learning_rate': 0.1, 'optimizer': 'Adam', 'units': [128, 64, 32]}"
-0.7434036085918305,0.022896590829011965,"{'batch_size': 256, 'learning_rate': 0.1, 'optimizer': 'Adam', 'units': [128, 64, 16]}"
-0.7185092333093234,0.019265794938942093,"{'batch_size': 256, 'learning_rate': 0.1, 'optimizer': 'Adam', 'units': [64, 64, 32]}"
-0.8533826905061676,0.0982975087818807,"{'batch_size': 256, 'learning_rate': 0.1, 'optimizer': 'Adam', 'units': [64, 32, 16]}"
-2.2668967730929994,0.056300881317150164,"{'batch_size': 256, 'learning_rate': 0.1, 'optimizer': 'Nadam', 'units': [256, 128, 64]}"
-1.258485448986832,0.4985867493441139,"{'batch_size': 256, 'learning_rate': 0.1, 'optimizer': 'Nadam', 'units': [256, 128, 32]}"
-0.8854251918977991,0.10495712460014811,"{'batch_size': 256, 'learning_rate': 0.1, 'optimizer': 'Nadam', 'units': [128, 64, 32]}"
-1.545049558672556,0.5124572956911636,"{'batch_size': 256, 'learning_rate': 0.1, 'optimizer': 'Nadam', 'units': [128, 64, 16]}"
-2.045680151084447,0.03877044978982913,"{'batch_size': 256, 'learning_rate': 0.1, 'optimizer': 'Nadam', 'units': [64, 64, 32]}"
-0.9916475405108232,0.15517450982182407,"{'batch_size': 256, 'learning_rate': 0.1, 'optimizer': 'Nadam', 'units': [64, 32, 16]}"
-2.3213666808083624,0.012730934723893306,"{'batch_size': 256, 'learning_rate': 0.1, 'optimizer': 'RMSprop', 'units': [256, 128, 64]}"
-1.2194892986459966,0.18684265638234454,"{'batch_size': 256, 'learning_rate': 0.1, 'optimizer': 'RMSprop', 'units': [256, 128, 32]}"
-0.8078023027157354,0.055598850974534875,"{'batch_size': 256, 'learning_rate': 0.1, 'optimizer': 'RMSprop', 'units': [128, 64, 32]}"
-1.1817264454001943,0.13720762437426892,"{'batch_size': 256, 'learning_rate': 0.1, 'optimizer': 'RMSprop', 'units': [128, 64, 16]}"
-1.7858560147310971,0.15634212172765805,"{'batch_size': 256, 'learning_rate': 0.1, 'optimizer': 'RMSprop', 'units': [64, 64, 32]}"
-0.9500827005078893,0.1192885130507953,"{'batch_size': 256, 'learning_rate': 0.1, 'optimizer': 'RMSprop', 'units': [64, 32, 16]}"
-7.015793015292194,2.206902170830051,"{'batch_size': 256, 'learning_rate': 0.5, 'optimizer': 'Adam', 'units': [256, 128, 64]}"
-11.002744513790535,0.1209048447214558,"{'batch_size': 256, 'learning_rate': 0.5, 'optimizer': 'Adam', 'units': [256, 128, 32]}"
-11.63281399154367,4.851303075091562,"{'batch_size': 256, 'learning_rate': 0.5, 'optimizer': 'Adam', 'units': [128, 64, 32]}"
-1.511320047810968,0.43368411312570865,"{'batch_size': 256, 'learning_rate': 0.5, 'optimizer': 'Adam', 'units': [128, 64, 16]}"
-5.094913359461714,3.7022392374205677,"{'batch_size': 256, 'learning_rate': 0.5, 'optimizer': 'Adam', 'units': [64, 64, 32]}"
-2.4941231499992,0.3617658513241331,"{'batch_size': 256, 'learning_rate': 0.5, 'optimizer': 'Adam', 'units': [64, 32, 16]}"
-8.989459918885563,2.600988481390756,"{'batch_size': 256, 'learning_rate': 0.5, 'optimizer': 'Nadam', 'units': [256, 128, 64]}"
-8.436172359019215,0.05751593789701204,"{'batch_size': 256, 'learning_rate': 0.5, 'optimizer': 'Nadam', 'units': [256, 128, 32]}"
-11.823228762333063,0.5425575470109338,"{'batch_size': 256, 'learning_rate': 0.5, 'optimizer': 'Nadam', 'units': [128, 64, 32]}"
-4.966221225922388,3.8319968362144663,"{'batch_size': 256, 'learning_rate': 0.5, 'optimizer': 'Nadam', 'units': [128, 64, 16]}"
-12.065847762548733,1.5774578422303307,"{'batch_size': 256, 'learning_rate': 0.5, 'optimizer': 'Nadam', 'units': [64, 64, 32]}"
-3.156124195497161,0.6572555846277328,"{'batch_size': 256, 'learning_rate': 0.5, 'optimizer': 'Nadam', 'units': [64, 32, 16]}"
-9.881686171872886,0.7434593352867589,"{'batch_size': 256, 'learning_rate': 0.5, 'optimizer': 'RMSprop', 'units': [256, 128, 64]}"
-2.2803383853325725,0.7188606490805783,"{'batch_size': 256, 'learning_rate': 0.5, 'optimizer': 'RMSprop', 'units': [256, 128, 32]}"
-7.647570912706881,0.30965766066498146,"{'batch_size': 256, 'learning_rate': 0.5, 'optimizer': 'RMSprop', 'units': [128, 64, 32]}"
-6.9102332626236365,3.870699304657333,"{'batch_size': 256, 'learning_rate': 0.5, 'optimizer': 'RMSprop', 'units': [128, 64, 16]}"
-6.369926175582761,1.886178978721806,"{'batch_size': 256, 'learning_rate': 0.5, 'optimizer': 'RMSprop', 'units': [64, 64, 32]}"
-3.799395939159041,1.4451158124909966,"{'batch_size': 256, 'learning_rate': 0.5, 'optimizer': 'RMSprop', 'units': [64, 32, 16]}"
